{
  "rig": {
    "camera": [
      {
        "camera_model": {
          "serialno": "34178534347",
          "type": "Poly3",
          "width": 640,
          "height": 480,
          "right": [ 1, 0, 0 ],
          "down":  [ 0, 1, 0 ],
          "forward": [ 0, 0, 1 ],
          "param_names": [ "fu", "fv", "u0", "v0", "k1", "k2", "k3" ],
          "params": [ 1077.836, 1078.189, 323.7872, 279.6921, 0.03279146, -0.08454684, 0.0 ]
        },
        "pose": [ [ 0.9999962, -0.002468782, 0.001219765, 0.02640966 ], [ 0.002466791, 0.9999956, 0.001631345, -9.9086e-05 ], [ -0.001223787, -0.00162833, 0.9999979, 0.0002972445  ] ]
      },
      {
        "camera_model": {
          "serialno": "34178534347",
          "type": "Poly3",
          "width": 640,
          "height": 480,
          "right": [ 1, 0, 0 ],
          "down": [ 0, 1, 0 ],
          "forward": [ 0, 0, 1 ],
          "param_names": [ "fu", "fv", "u0", "v0", "k1", "k2", "k3" ],
          "params": [ 576.3624, 576.7067, 319.2682, 243.8256, -0.01922386, -0.02010679, 0 ]
        },
        "pose": [ [ 1, 0, 0, 0 ], [ 0, 1, 0, 0 ], [ 0, 0, 1, 0 ] ]
      }
    ]
  }
}
